{
  "results": [
    {
      "command": "wasmtime run --env REQUEST_METHOD=GET --env PATH_INFO=/time main.wasm",
      "mean": 0.02439650215,
      "stddev": 0.0009378921187496249,
      "median": 0.02423575,
      "user": 0.01705705,
      "system": 0.0071872,
      "min": 0.023178125,
      "max": 0.02650125,
      "times": [
        0.026092416,
        0.024870000000000003,
        0.025292708,
        0.023585709,
        0.023632042000000002,
        0.023939125000000002,
        0.0233125,
        0.023178125,
        0.023527875,
        0.024229375,
        0.023989542000000003,
        0.025701917,
        0.02650125,
        0.024625166,
        0.02474975,
        0.023644959,
        0.024242125,
        0.02476425,
        0.023556042000000003,
        0.024495167
      ],
      "memory_usage_byte": [
        25821184,
        25821184,
        25821184,
        25821184,
        25821184,
        25821184,
        25821184,
        25821184,
        25821184,
        25821184,
        25821184,
        25821184,
        25821184,
        25821184,
        25821184,
        25821184,
        25821184,
        25821184,
        25821184,
        25821184
      ],
      "exit_codes": [
        0,
        0,
        0,
        0,
        0,
        0,
        0,
        0,
        0,
        0,
        0,
        0,
        0,
        0,
        0,
        0,
        0,
        0,
        0,
        0
      ]
    }
  ]
}
