{
  "results": [
    {
      "command": "wasmtime run --env REQUEST_METHOD=GET --env PATH_INFO=/time wasm-cli/main.wasm > NUL",
      "mean": 0.030949400000000002,
      "stddev": 0.02696123678402922,
      "median": 0.025374240000000006,
      "user": 0.015312500000000008,
      "system": 0.010750000000000006,
      "min": 0.024060540000000005,
      "max": 0.21234684000000004,
      "times": [
        0.024060540000000005,
        0.028450840000000005,
        0.024281240000000003,
        0.06692904000000001,
        0.04045494,
        0.038689440000000005,
        0.21234684000000004,
        0.028354740000000003,
        0.028201040000000004,
        0.026109440000000005,
        0.026340840000000004,
        0.024797640000000003,
        0.025572340000000006,
        0.025320540000000002,
        0.02505264,
        0.024582540000000007,
        0.024647640000000005,
        0.024994040000000002,
        0.02560404,
        0.024811440000000004,
        0.02513614,
        0.027251140000000007,
        0.027606840000000007,
        0.02486034,
        0.028002640000000002,
        0.025903040000000002,
        0.025295340000000006,
        0.027411840000000007,
        0.02634074,
        0.025252240000000002,
        0.028863140000000002,
        0.027037340000000007,
        0.026311640000000004,
        0.025356840000000005,
        0.025116940000000004,
        0.025130640000000003,
        0.024558340000000005,
        0.025391640000000007,
        0.024554240000000005,
        0.024889940000000006,
        0.02532724,
        0.024982340000000006,
        0.024421740000000004,
        0.025167340000000003,
        0.025333940000000006,
        0.025190840000000006,
        0.026331940000000005,
        0.027404740000000004,
        0.027437440000000007,
        0.025999640000000004
      ],
      "memory_usage_byte": [
        0,
        0,
        0,
        0,
        0,
        0,
        0,
        0,
        0,
        0,
        0,
        0,
        0,
        0,
        0,
        0,
        0,
        0,
        0,
        0,
        0,
        0,
        0,
        0,
        0,
        0,
        0,
        0,
        0,
        0,
        0,
        0,
        0,
        0,
        0,
        0,
        0,
        0,
        0,
        0,
        0,
        0,
        0,
        0,
        0,
        0,
        0,
        0,
        0,
        0
      ],
      "exit_codes": [
        0,
        0,
        0,
        0,
        0,
        0,
        0,
        0,
        0,
        0,
        0,
        0,
        0,
        0,
        0,
        0,
        0,
        0,
        0,
        0,
        0,
        0,
        0,
        0,
        0,
        0,
        0,
        0,
        0,
        0,
        0,
        0,
        0,
        0,
        0,
        0,
        0,
        0,
        0,
        0,
        0,
        0,
        0,
        0,
        0,
        0,
        0,
        0,
        0,
        0
      ]
    }
  ]
}
