{
  "results": [
    {
      "command": "wasmtime run --env REQUEST_METHOD=GET --env PATH_INFO=/time wasm-cli/main.wasm",
      "mean": 0.13804570908,
      "stddev": 0.02169046830038095,
      "median": 0.13147115548000002,
      "user": 0.005443836,
      "system": 0.021327899999999997,
      "min": 0.11864166198000001,
      "max": 0.22063845898000004,
      "times": [
        0.11864166198000001,
        0.12722511198000003,
        0.12554706898,
        0.13863222498000002,
        0.13327249698000002,
        0.12734065698000002,
        0.13130029098,
        0.20836932698000002,
        0.14248828698000002,
        0.13810605198000003,
        0.12488112998000002,
        0.12355557498000001,
        0.12753991498000003,
        0.12025579498000001,
        0.13113421798000002,
        0.12238562398000001,
        0.12283476698,
        0.12510438298,
        0.12123549198000001,
        0.12837888598000002,
        0.16057477298000003,
        0.13753706098000001,
        0.14163572798000001,
        0.13722035298000002,
        0.17383049598000003,
        0.14211564398,
        0.19314467798,
        0.22063845898000004,
        0.13939393098000002,
        0.14833174098000002,
        0.14056536598000002,
        0.12085648098,
        0.12747322698000002,
        0.12718808998000003,
        0.14882308098000002,
        0.13460154498000002,
        0.13020008498000002,
        0.12841129598000003,
        0.12114362298000002,
        0.11965225798,
        0.14199129798000001,
        0.17275108598000002,
        0.14159333198000001,
        0.13164201998000002,
        0.13210258098000002,
        0.13874509798,
        0.12307322798000002,
        0.12300456298,
        0.11981113098,
        0.14600423798000003
      ],
      "memory_usage_byte": [
        17018880,
        17018880,
        17018880,
        17018880,
        17018880,
        17018880,
        17018880,
        17018880,
        17018880,
        17018880,
        17018880,
        17018880,
        17018880,
        17018880,
        17018880,
        17018880,
        17018880,
        17018880,
        17080320,
        17080320,
        17080320,
        17080320,
        17080320,
        17080320,
        17080320,
        17080320,
        17080320,
        17080320,
        17080320,
        17080320,
        17080320,
        17080320,
        17080320,
        17080320,
        17080320,
        17080320,
        17080320,
        17080320,
        17080320,
        17080320,
        17080320,
        17080320,
        17080320,
        17080320,
        17080320,
        17080320,
        17080320,
        17080320,
        17080320,
        17080320
      ],
      "exit_codes": [
        0,
        0,
        0,
        0,
        0,
        0,
        0,
        0,
        0,
        0,
        0,
        0,
        0,
        0,
        0,
        0,
        0,
        0,
        0,
        0,
        0,
        0,
        0,
        0,
        0,
        0,
        0,
        0,
        0,
        0,
        0,
        0,
        0,
        0,
        0,
        0,
        0,
        0,
        0,
        0,
        0,
        0,
        0,
        0,
        0,
        0,
        0,
        0,
        0,
        0
      ]
    }
  ]
}
