{
  "results": [
    {
      "command": "cloudflare-health",
      "mean": 3.6470648127799996,
      "stddev": 2.839521477910453,
      "median": 5.64534244256,
      "user": 0.0807638,
      "system": 0.016664437999999993,
      "min": 0.5531402115599999,
      "max": 11.17176378556,
      "times": [
        5.564123761559999,
        0.65156169156,
        5.6768007015599995,
        0.72616044156,
        0.68145699156,
        6.3368275035599995,
        6.101746782559999,
        5.86775493456,
        5.81786092756,
        7.92463004856,
        0.78047990056,
        1.05364322456,
        5.64147491456,
        0.7209942525599999,
        0.56996617156,
        0.61327216156,
        0.62278699056,
        1.00037738756,
        5.6529676455599995,
        5.675424781559999,
        5.711691389559999,
        0.65618977356,
        0.58788515056,
        5.77483442456,
        6.07739675756,
        6.00125763156,
        0.66930879156,
        0.5531402115599999,
        0.57219638856,
        0.63406695156,
        5.67413400156,
        0.72612642156,
        1.49761276556,
        5.76039196056,
        0.66847724556,
        6.61040699156,
        5.71735726656,
        5.79199940156,
        6.08387773356,
        6.084425846559999,
        5.78365089056,
        0.6940761425599999,
        0.57290823856,
        5.823931443559999,
        11.17176378556,
        5.81598849556,
        0.88213699256,
        5.649209970559999,
        5.74800532256,
        0.67848103656
      ],
      "exit_codes": [
        0,
        0,
        0,
        0,
        0,
        0,
        0,
        0,
        0,
        0,
        0,
        0,
        0,
        0,
        0,
        0,
        0,
        0,
        0,
        0,
        0,
        0,
        0,
        0,
        0,
        0,
        0,
        0,
        0,
        0,
        0,
        0,
        0,
        0,
        0,
        0,
        0,
        0,
        0,
        0,
        0,
        0,
        0,
        0,
        0,
        0,
        0,
        0,
        0,
        0
      ]
    }
  ]
}
