{
  "results": [
    {
      "command": "spin-time",
      "mean": 0.011258410540000001,
      "stddev": 0.0026971028368379868,
      "median": 0.01023267024,
      "user": 0.0046522232,
      "system": 0.004590265599999999,
      "min": 0.00841001674,
      "max": 0.01973026974,
      "times": [
        0.015650417740000002,
        0.01336413174,
        0.015955692740000003,
        0.01699959574,
        0.014378402739999999,
        0.00910598574,
        0.00940439974,
        0.01115192774,
        0.01011578074,
        0.00844979174,
        0.00841001674,
        0.00956041874,
        0.009059944739999999,
        0.00932624074,
        0.00957473774,
        0.00944556674,
        0.008955236739999999,
        0.00885888074,
        0.01081990374,
        0.00899680174,
        0.00872175574,
        0.00978246474,
        0.01058463274,
        0.01180951374,
        0.00927145074,
        0.00951487574,
        0.01027219674,
        0.00992177774,
        0.00967079474,
        0.00940250974,
        0.01150930874,
        0.017932525740000003,
        0.01569048974,
        0.01524918374,
        0.01306879974,
        0.01194942374,
        0.01241002174,
        0.01064628374,
        0.00876888874,
        0.00970639374,
        0.009302872739999999,
        0.00891565974,
        0.01053590774,
        0.01151786074,
        0.01332167174,
        0.01973026974,
        0.01019314374,
        0.01249593574,
        0.01134225274,
        0.01209778574
      ],
      "exit_codes": [
        0,
        0,
        0,
        0,
        0,
        0,
        0,
        0,
        0,
        0,
        0,
        0,
        0,
        0,
        0,
        0,
        0,
        0,
        0,
        0,
        0,
        0,
        0,
        0,
        0,
        0,
        0,
        0,
        0,
        0,
        0,
        0,
        0,
        0,
        0,
        0,
        0,
        0,
        0,
        0,
        0,
        0,
        0,
        0,
        0,
        0,
        0,
        0,
        0,
        0
      ]
    },
    {
      "command": "lab6-docker-health",
      "mean": 0.0097766849,
      "stddev": 0.0021518388113704093,
      "median": 0.009107884739999999,
      "user": 0.00476534,
      "system": 0.0039164792000000006,
      "min": 0.007831981739999999,
      "max": 0.020191336740000003,
      "times": [
        0.00856812374,
        0.00897154474,
        0.01057916374,
        0.01040335674,
        0.01337745674,
        0.010815230739999999,
        0.00859686174,
        0.00951030074,
        0.00891426774,
        0.00851074774,
        0.00845476374,
        0.01090860174,
        0.007831981739999999,
        0.00819652274,
        0.00808526674,
        0.009342981739999999,
        0.00802609174,
        0.00841022974,
        0.01205124174,
        0.00876294574,
        0.00895953874,
        0.012208059739999999,
        0.020191336740000003,
        0.01134153574,
        0.00880592874,
        0.00979222074,
        0.01005213474,
        0.00829289574,
        0.01091559574,
        0.00830184474,
        0.00850766674,
        0.00913796274,
        0.009638301739999999,
        0.00846123174,
        0.00907780674,
        0.008978474739999999,
        0.008465109739999999,
        0.00799211574,
        0.00948269174,
        0.01094582274,
        0.01638233274,
        0.00895729574,
        0.00847236874,
        0.00978088574,
        0.00901059074,
        0.00949840074,
        0.00928730874,
        0.00991094174,
        0.00971426674,
        0.00995389574
      ],
      "exit_codes": [
        0,
        0,
        0,
        0,
        0,
        0,
        0,
        0,
        0,
        0,
        0,
        0,
        0,
        0,
        0,
        0,
        0,
        0,
        0,
        0,
        0,
        0,
        0,
        0,
        0,
        0,
        0,
        0,
        0,
        0,
        0,
        0,
        0,
        0,
        0,
        0,
        0,
        0,
        0,
        0,
        0,
        0,
        0,
        0,
        0,
        0,
        0,
        0,
        0,
        0
      ]
    }
  ]
}
