{
  "results": [
    {
      "command": "wasmtime-cli-time",
      "mean": 0.014338963,
      "stddev": 0.004037152527568188,
      "median": 0.012855421960000002,
      "user": 0.0067645004,
      "system": 0.008644226,
      "min": 0.01179102596,
      "max": 0.03464756396,
      "times": [
        0.01179581096,
        0.01333185396,
        0.013367337960000001,
        0.01208485896,
        0.01250358096,
        0.013169587960000001,
        0.01207070596,
        0.012485339960000001,
        0.012580427960000001,
        0.01254574196,
        0.01263245596,
        0.012302940960000001,
        0.012597371960000001,
        0.013142477960000001,
        0.01191940396,
        0.014548249960000002,
        0.012570659960000001,
        0.01199664896,
        0.01936927996,
        0.01342544596,
        0.01507112796,
        0.014323290960000002,
        0.01294761896,
        0.012679401960000001,
        0.024092830960000002,
        0.012660962960000001,
        0.01550878796,
        0.01642616796,
        0.01278465496,
        0.012053461960000001,
        0.01219110896,
        0.01179102596,
        0.01226297296,
        0.02178123996,
        0.01707074596,
        0.01218951396,
        0.01296286896,
        0.012417862960000001,
        0.01292917996,
        0.012585111960000001,
        0.012926188960000001,
        0.01243879296,
        0.01343050596,
        0.012542639960000001,
        0.01349071596,
        0.03464756396,
        0.01855887396,
        0.01474953596,
        0.01476268696,
        0.02223052496
      ],
      "exit_codes": [
        0,
        0,
        0,
        0,
        0,
        0,
        0,
        0,
        0,
        0,
        0,
        0,
        0,
        0,
        0,
        0,
        0,
        0,
        0,
        0,
        0,
        0,
        0,
        0,
        0,
        0,
        0,
        0,
        0,
        0,
        0,
        0,
        0,
        0,
        0,
        0,
        0,
        0,
        0,
        0,
        0,
        0,
        0,
        0,
        0,
        0,
        0,
        0,
        0,
        0
      ]
    }
  ]
}
